,AAPL,CAT,CVX,DUK,GS,HD,INTC,JNJ,JPM,KO,MCD,MMM,MSFT,NEM,PFE,PG,UNH,VZ,WFC,XOM
2005-01-10,0.19999999999999885,0.01,0.2,0.01,0.07687273757566448,0.010000000000000243,0.01,0.010000000000000231,0.010000000000001116,0.01,0.010000000000001764,0.01,0.01,0.010000000000001818,0.01,0.03425533650972124,0.010000000000000885,0.01,0.14887192591461562,0.2
2005-02-09,0.10399983438127866,0.2,0.010000000000005664,0.010000000000001962,0.01,0.01,0.01,0.2,0.01,0.01,0.11589943413230408,0.01,0.01,0.04448814276717886,0.01,0.010000000000004146,0.09269577348339178,0.11291681523586392,0.01,0.010000000000004419
2005-03-11,0.08531522435550423,0.01,0.2,0.010000000000095982,0.01,0.01,0.01,0.07536890925311213,0.01,0.2,0.09906511714398261,0.01,0.01,0.05712307798397728,0.01,0.010000000000263434,0.04915254655560567,0.01,0.01,0.11397512471035695
2005-04-12,0.1180749779896885,0.010000000000054963,0.1196071503286287,0.099120283458355,0.01000000000002064,0.010000000000011678,0.01000000000012288,0.12319758822326497,0.010000000000033624,0.01,0.01,0.010000000000008199,0.010000000000023034,0.01,0.1999999999999265,0.01,0.19999999999993193,0.01,0.01,0.01
2005-05-11,0.01,0.12617749624291894,0.01,0.01,0.01000000000000329,0.01,0.010000000000020118,0.010000000000032564,0.01,0.010000000000010634,0.01,0.2,0.010000000000020904,0.2,0.05426782755543084,0.07955467620170906,0.2,0.01,0.0100000000000064,0.010000000000001816
2005-06-10,0.0869628319591906,0.010000000000078217,0.13614834668659442,0.01,0.010000000000062048,0.01,0.01,0.010000000000028072,0.01,0.12467580897155421,0.010000000000047575,0.010000000000017132,0.01,0.1243261206623769,0.01,0.010000000000046725,0.1878868917203216,0.01,0.01,0.2
2005-07-12,0.2,0.199999999999969,0.01,0.19999999999997528,0.010000000000020718,0.010000000000002568,0.031627507090536154,0.01,0.010000000000040117,0.01,0.010000000000010386,0.01,0.024430672303489213,0.01,0.01,0.01,0.13102922405465053,0.010000000000047301,0.01,0.08291259655132002
2005-08-10,0.01,0.2,0.01,0.03369980895793156,0.11553125603421772,0.02944047470389829,0.01,0.1529764419606695,0.01,0.01,0.010000000000005558,0.01,0.01,0.010000000000067004,0.010000000000017445,0.2,0.13835201834329502,0.01,0.01,0.010000000000030934
2005-09-09,0.0700240704581185,0.01,0.07588086470732898,0.01,0.01,0.01,0.01,0.010000000000030256,0.01,0.12754215131367802,0.014159029978029898,0.01,0.01,0.18239388354315586,0.01,0.010000000000045398,0.2,0.01,0.2,0.010000000000020619
2005-10-10,0.0100000000000322,0.1745022364319682,0.01000000000001272,0.010000000000009253,0.09220356692211856,0.010000000000027034,0.010000000000037288,0.010000000000004755,0.010000000000056,0.010000000000026122,0.01000000000002863,0.01000000000002519,0.010000000000020543,0.01000000000007538,0.1999999999999484,0.010000000000062105,0.18329419652163176,0.010000000000023867,0.01000000000000391,0.19999999999994786
2005-11-08,0.04843983812872635,0.01,0.2,0.2,0.2,0.01,0.01,0.010000000000007343,0.01,0.01,0.01,0.01,0.01,0.01,0.010000000000000194,0.056984769974599524,0.15457539189668607,0.01,0.01,0.01
2005-12-08,0.19999999999999474,0.010000000000020874,0.19999999999998447,0.01,0.010000000000006021,0.010000000000000007,0.010000000000017153,0.010000000000000793,0.010000000000010447,0.010000000000000803,0.04242479403764203,0.010000000000007418,0.010000000000015644,0.010000000000002477,0.010000000000001744,0.01000000000000132,0.017575205962364938,0.01000000000000178,0.19999999999999502,0.19999999999997964
2006-01-10,0.1999999999998997,0.10827397859233105,0.19999999999960785,0.07257360029777508,0.010000000000110634,0.010000000000125103,0.010000000000358472,0.01,0.01000000000027577,0.01,0.1121630828327705,0.010000000000107784,0.01000000000024843,0.01,0.010000000000139526,0.01,0.1669893382764968,0.010000000000116195,0.01,0.010000000000063515
2006-02-09,0.01,0.19999999999995705,0.08815108147072456,0.010000000000071844,0.010000000000036669,0.010000000000087364,0.010000000000036572,0.01,0.010000000000050071,0.01,0.13317672277064238,0.010000000000021839,0.01,0.18797774505065842,0.010000000000030117,0.05069445070780958,0.19999999999994303,0.010000000000028448,0.010000000000004615,0.010000000000020551
2006-03-13,0.038502981168547716,0.2,0.010000000000006172,0.01,0.01,0.01,0.01,0.010000000000008405,0.01,0.010000000000005,0.08516349978506252,0.01,0.1645956487272367,0.01000000000002085,0.1717378703191852,0.01000000000001146,0.2,0.01,0.01000000000000213,0.010000000000003022
2006-04-11,0.010000000000074814,0.19999999999997228,0.010000000000001069,0.01000000000000031,0.1999999999999815,0.010000000000063802,0.07510067016280919,0.010000000000006459,0.010000000000030537,0.010000000000008037,0.19999999999996285,0.010000000000028151,0.010000000000009316,0.08462766006382154,0.054002045730500096,0.010000000000009644,0.049551888770648575,0.01000000000000821,0.016717735272177566,0.010000000000007087
2006-05-11,0.01000000000000425,0.19999999999999904,0.010000000000004096,0.010000000000006217,0.01766619453338011,0.01000000000000471,0.010000000000008853,0.01,0.019973147211534654,0.01,0.1999999999999924,0.010000000000000587,0.19999999999999704,0.010000000000004254,0.01,0.01,0.01,0.010000000000001374,0.19999999999994963,0.03236065825513043
2006-06-12,0.010000000000074127,0.010000000000073884,0.010000000000026788,0.08540256268633648,0.19999999999985257,0.01000000000007918,0.010000000000118707,0.01,0.010000000000119762,0.01,0.010000000000028918,0.19999999999984688,0.010000000000059468,0.01,0.010000000000025972,0.11707950361181108,0.010000000000024743,0.0575179337017013,0.010000000000016161,0.19999999999986845
2006-07-12,0.2,0.16028933138694537,0.010000000000003706,0.01,0.010000000000072026,0.010000000000021741,0.010000000000339732,0.010000000000004387,0.010000000000076089,0.01,0.010000000000056913,0.010000000000037066,0.010000000000044614,0.1999999999998749,0.19999999999985626,0.01,0.01,0.01,0.0897106686128505,0.010000000000002706
2006-08-10,0.19999999999993032,0.2,0.01,0.010000000000064221,0.01,0.01,0.01,0.01000000000021279,0.01,0.010000000000211434,0.01,0.010000000000045604,0.01,0.010000000000592077,0.01,0.03885209525327493,0.2,0.05422916630385809,0.1669187384447006,0.010000000000003782
2006-09-11,0.13784786617777686,0.010000000000001528,0.010000000000001206,0.0886956864767084,0.010000000000000531,0.010000000000000543,0.056712412936803215,0.01000000000000089,0.042190785112798335,0.010000000000000389,0.010000000000001301,0.19999999999999502,0.010000000000001693,0.13602302115447576,0.010000000000000632,0.010000000000002255,0.018530228141437358,0.19999999999999912,0.010000000000000722,0.01000000000000253
2006-10-10,0.06001165988797589,0.06182244869877074,0.2,0.01,0.2,0.01,0.01,0.010000000000006084,0.01,0.010000000000003575,0.01,0.01,0.01,0.04500373071965197,0.01,0.01000000000000587,0.010000000000005152,0.1644024645204548,0.010000000000000057,0.13875969617317166
2006-11-08,0.1807546044579669,0.01000000000000167,0.01000000000000062,0.010000000000002219,0.1999999999999994,0.010000000000002965,0.1999999999999986,0.010000000000001936,0.010000000000001048,0.010000000000001431,0.18997747028604878,0.010000000000003914,0.010000000000000448,0.04752574361884967,0.010000000000001449,0.010000000000001527,0.010000000000000947,0.04174218163792192,0.010000000000001357,0.01
2006-12-08,0.14179145675512492,0.010000000000028812,0.01000000000000149,0.010000000000003229,0.044882681465713475,0.010000000000024052,0.010000000000066726,0.01000000000001009,0.19999999999999699,0.010000000000010249,0.1999999999999673,0.010000000000007675,0.07972630050571988,0.010000000000005246,0.14656121120932142,0.010000000000011154,0.010000000000044765,0.010000000000014848,0.057038350007062005,0.010000000000001286
2007-01-11,0.01,0.01,0.010000000000022935,0.010000000000003425,0.01,0.09318102795809302,0.01,0.010000000000013757,0.01,0.010000000000020723,0.2,0.01000000000001973,0.01,0.0535198115669628,0.01000000000001994,0.010000000000017092,0.010000000000012376,0.2,0.17560937566292245,0.13768978481217217
2007-02-12,0.010000000000085172,0.010000000000039574,0.19999999999994192,0.06145186854395716,0.010000000000053268,0.01828147761111521,0.01000000000006024,0.010000000000050758,0.010000000000061121,0.01000000000005189,0.010000000000066029,0.19999999999990695,0.01000000000005136,0.010000000000001253,0.010000000000052345,0.010000000000013907,0.010000000000001614,0.1802666538451757,0.010000000000073513,0.19999999999996426
2007-03-14,0.01,0.2,0.2,0.01,0.010000000000000002,0.01,0.01,0.010000000000036395,0.01,0.010000000000051688,0.010000000000024755,0.01,0.01,0.010000000000078288,0.01,0.2,0.010000000000056056,0.16196143054508108,0.010000000000017497,0.08803856945476507
2007-04-13,0.19999999999999907,0.01,0.010000000000006308,0.11252611110893615,0.07499840234311864,0.01,0.01,0.010000000000007628,0.01,0.03778539149111272,0.2,0.01,0.01,0.010000000000011448,0.2,0.010000000000034476,0.010000000000019237,0.0446900950569191,0.01,0.01
2007-05-14,0.010000000000133836,0.010000000000554038,0.01,0.010000000000033035,0.19999999999981832,0.010000000000133792,0.010000000000430076,0.010000000000007553,0.010000000000202154,0.01,0.19999999999985932,0.07396912231790542,0.010000000000029286,0.19999999999995555,0.010000000000032563,0.16121576476250005,0.024815112918840598,0.01,0.01,0.01
2007-06-13,0.19999999999999682,0.2,0.010000000000002618,0.010000000000000925,0.010000000000000002,0.01,0.01,0.01,0.01,0.05000000000000781,0.2,0.2,0.0100000000000005,0.01,0.01,0.01,0.010000000000005121,0.01,0.0100000000000018,0.01
2007-07-13,0.19999999999999224,0.01,0.01,0.01,0.2,0.10550552566340102,0.01,0.2,0.01,0.010000000000027494,0.010000000000010494,0.01,0.01,0.01,0.01,0.14449447433669152,0.01,0.010000000000014926,0.010000000000016076,0.010000000000017212
2007-08-13,0.2,0.010000000000050448,0.19999999999991078,0.0100000000000356,0.010000000000190717,0.010000000000015809,0.010000000000062447,0.01,0.010000000000090142,0.01,0.042720458850564,0.01,0.02540025857002983,0.01,0.010000000000012681,0.01,0.19187928257927198,0.19999999999991588,0.01,0.010000000000003673
2007-09-12,0.01,0.01,0.010000000000033748,0.010000000000009446,0.01,0.01,0.01,0.01,0.01,0.1216583370439975,0.1353063968927787,0.2,0.01,0.010000000000249705,0.19303526606406485,0.010000000000013774,0.01,0.01,0.2,0.010000000000062945
2007-10-11,0.2,0.010000000000008098,0.19999999999999543,0.01,0.0100000000000061,0.010000000000004184,0.1999999999999988,0.01,0.01,0.06395300813570638,0.01,0.01,0.010000000000000323,0.18604699186428295,0.010000000000001005,0.01,0.01,0.010000000000001202,0.01,0.010000000000001407
2007-11-09,0.010000000000041191,0.010000000000000002,0.010000000000116978,0.010000000000156065,0.010000000000147134,0.010000000000000002,0.010000000000000002,0.04999999999993543,0.010000000000148071,0.19999999999989615,0.19999999999975854,0.010000000000053258,0.19999999999976392,0.010000000000002549,0.010000000000047686,0.010000000000094315,0.010000000000090319,0.19999999999983492,0.0100000000000358,0.010000000000000002
2007-12-11,0.19999999999988605,0.01,0.01,0.010000000000114667,0.17122288239790184,0.01,0.01,0.01000000000018747,0.01,0.010000000000121224,0.01000000000010381,0.01,0.01,0.17642707071898917,0.010000000000088846,0.17909783515648417,0.06312262510129761,0.010000000000029551,0.01,0.07012958662581474
2008-01-11,0.1999999999999735,0.01,0.2,0.01,0.01,0.01,0.01,0.0500000000000425,0.01,0.010000000000022692,0.2,0.01,0.01000000000001243,0.01000000000003146,0.01,0.010000000000007685,0.01,0.2,0.01,0.01
2008-02-12,0.010000000000199299,0.010000000000112471,0.19999999999979307,0.010000000000051381,0.01000000000037565,0.010000000000052446,0.010000000000315852,0.19999999999951343,0.010000000000509284,0.19845330132002764,0.09691736040993117,0.01,0.01,0.15462933826952394,0.01,0.01,0.01,0.01,0.01,0.010000000000151464
2008-03-13,0.01,0.01,0.0669899233203848,0.01,0.01,0.01,0.2,0.010000000000407277,0.01,0.010000000000170088,0.18301007668093638,0.2,0.2,0.01,0.01,0.010000000000236568,0.010000000000185015,0.01,0.01,0.01
2008-04-14,0.010000000035416743,0.010000000024387978,0.1999999999293347,0.010000000014370186,0.010000000034330521,0.010000000024055827,0.010000000033439108,0.010000000002748166,0.010000000027619249,0.050000000006043585,0.19999999992881046,0.010000000012572743,0.19999999992446232,0.010000000017955493,0.010000000015512,0.19999999991312045,0.010000000010834008,0.010000000017611723,0.010000000021625356,0.010000000005749493
2008-05-13,0.045870353472975994,0.01,0.2,0.010000000000011427,0.2,0.01,0.01,0.01000000000005899,0.01,0.010000000000053605,0.15703986309722381,0.010000000000030233,0.010000000000015103,0.01,0.01,0.057089783429871116,0.2,0.01,0.01,0.01
2008-06-12,0.010000001388064485,0.010000000837579178,0.010000000580478141,0.19999999748059716,0.01000000128174655,0.010000000806140453,0.010000060762989768,0.19999998905927055,0.19999999806901245,0.1067684565208974,0.010000000391665943,0.010000000472955193,0.01000000057932239,0.0100000005369902,0.01000000048034051,0.14323148857989149,0.010000000273392021,0.01000000043247514,0.010000000811732121,0.010000000654458864
2008-07-14,0.1999999999999631,0.01,0.2,0.010000000000033446,0.01,0.01,0.010000000000000002,0.050000000000559396,0.01,0.010000000000159461,0.010000000000165711,0.01,0.01,0.01,0.010000000000014872,0.2,0.01,0.01,0.01,0.2
2008-08-12,0.2,0.010000000000053773,0.06862107209231601,0.01000000000000301,0.01,0.010000000000023405,0.19999999999999724,0.08390489075813791,0.010000000000040848,0.010000000000004233,0.16891324127682952,0.0353173970807392,0.010000000000023258,0.044012004526595754,0.01,0.01,0.07923139426517439,0.010000000000026332,0.010000000000079152,0.01
2008-09-11,0.010000000000371042,0.01000000000027808,0.01,0.01000000000013225,0.19999999999959936,0.010000000000680328,0.14804371436244881,0.19999999999874693,0.010000000000752097,0.01,0.11672750346201165,0.01000000000034998,0.010000000000056047,0.01,0.010000000000293673,0.01,0.18522878217454386,0.01,0.010000000000729307,0.01
2008-10-10,0.01,0.01,0.01,0.01,0.01,0.01,0.037736831657113876,0.2,0.01,0.16096373728420632,0.01,0.01,0.01,0.17417295274626915,0.01,0.2,0.01,0.01,0.01,0.08712647716672395
2008-11-10,0.010000000000055864,0.01000000000002161,0.01,0.01,0.010000000000096414,0.19999999999995602,0.01000000000006074,0.01,0.1999999999999954,0.01,0.01,0.010000000000043405,0.19999999999995544,0.01,0.01,0.01,0.010000000000112056,0.19999999999991885,0.05000000000001836,0.010000000000037115
2008-12-10,0.010000000002318718,0.0100000000040327,0.010000000002629596,0.01,0.19999999999963902,0.010000000001460063,0.19999999999793205,0.01,0.010000000006360798,0.01,0.12602816320307833,0.01,0.010000000003922772,0.01,0.12397183675984691,0.01,0.010000000000727738,0.19999999999493967,0.010000000033827429,0.010000000000325906
2009-01-12,0.1771510837969075,0.010000000000309733,0.2,0.010000000000122375,0.01,0.01,0.01,0.010000000000074824,0.01,0.010000000000095073,0.010000000000097374,0.01,0.01,0.07284891620294803,0.2,0.010000000000144636,0.01,0.01,0.2,0.01
2009-02-11,0.010000000000219014,0.01000000000004993,0.19999999999986343,0.01,0.010000000001122873,0.01000000000006139,0.010000000000118258,0.01,0.01000000000021866,0.010000000000005598,0.01,0.01,0.01,0.010000000000057971,0.11513479361970676,0.19999999999817056,0.13486520638070182,0.01,0.19999999999995333,0.010000000000101445
2009-03-13,0.010000000038833683,0.010000000041243934,0.010000000040381709,0.010000000022911527,0.19999999989446338,0.010000000001520043,0.010000000039281693,0.010000000016763617,0.01000000005930534,0.010000000020010173,0.19999999985626682,0.010000000025305074,0.010000000032443977,0.19999999986674907,0.1999999998636306,0.010000000019834192,0.010000000037316702,0.0500000000268478,0.010000000060078814,0.010000000036811703
2009-04-14,0.010000001333449918,0.010000001350843066,0.010000001392053757,0.010000001075654203,0.010000001457107782,0.010000001229438634,0.19075334046037443,0.19999999506890256,0.010000001461603547,0.010000001047746846,0.19999999514061076,0.010000001155061871,0.010000001297531513,0.010000001139392511,0.010000001127334882,0.19999998140107525,0.010000001278384879,0.010000001160432485,0.010000001700206443,0.059246668722794674
2009-05-13,0.010000000000182458,0.010000000000452371,0.010000000000120877,0.01,0.010000000000339387,0.010000000000000002,0.010000000000134894,0.01,0.2,0.01,0.01,0.01000000000001219,0.010000000000050498,0.19999999999960255,0.19999999999963283,0.049999999999804784,0.010000000000190593,0.01,0.2,0.010000000000051742
2009-06-12,0.010000000019930871,0.010000000056968255,0.010000000047817887,0.01,0.010000002050483629,0.19999999991644146,0.010000000021589961,0.19999999902594331,0.010000000073546986,0.01,0.01,0.01,0.04999999884929,0.199999999934975,0.01,0.01,0.010000000024482055,0.010000000004235838,0.010000000175798598,0.19999999993031656
2009-07-14,0.01,0.010000000000151686,0.2,0.010000000000557376,0.010000000000000002,0.01,0.01,0.010000000000501282,0.01,0.2,0.010000000000953137,0.01,0.01000000000048408,0.01,0.05000000000075958,0.010000000000318596,0.19999999999975598,0.2,0.01,0.01
2009-08-12,0.010000000001531284,0.19999999999783166,0.010000000001606259,0.01,0.014304291432205487,0.01000000000262819,0.04569570860635812,0.1999999999582849,0.010000000002555439,0.01,0.01,0.1999999999966947,0.010000000001172822,0.010000000002137634,0.01,0.01,0.19999999999792098,0.01,0.010000000003690496,0.010000000000298433
2009-09-11,0.01,0.01,0.11248892152840344,0.010000000000226755,0.01,0.01,0.01,0.2,0.01,0.024157368616422512,0.010000000001360804,0.2,0.2,0.12335370932980823,0.01000000000012407,0.01000000000190649,0.01,0.010000000000184861,0.01,0.01
2009-10-12,0.01000000000000263,0.01,0.01,0.010000000000018869,0.01,0.14211944167000273,0.01,0.010000000000014277,0.01,0.2,0.010000000000039365,0.01,0.01,0.2,0.010000000000004174,0.01,0.01,0.1078805583301934,0.2,0.01
2009-11-10,0.05784637544020267,0.010000000000017826,0.010000000000024514,0.01,0.010000000000057432,0.010000000000000626,0.010000000000060877,0.01,0.010000000000071209,0.01,0.01,0.19999999999990067,0.01,0.18270837708664728,0.01944524747307457,0.01,0.1999999999999645,0.010000000000016671,0.19999999999999207,0.010000000000029282
2009-12-10,0.2,0.01,0.01,0.01,0.01,0.2,0.01,0.06364909568742272,0.01,0.01,0.01,0.2,0.01,0.03293428133238602,0.16341662298919135,0.01,0.01,0.01,0.01,0.01
2010-01-12,0.01000000000001091,0.010000000000005754,0.010000000000001973,0.2,0.010000000000000002,0.010000000000000002,0.2,0.010000000000000002,0.010000000000005178,0.2,0.05000000000001576,0.010000000000006733,0.2,0.010000000000006622,0.010000000000003763,0.010000000000000002,0.010000000000000002,0.010000000000000002,0.010000000000000002,0.010000000000000002
2010-02-11,0.2,0.01,0.01,0.2,0.01,0.01,0.010000000000000002,0.01,0.01,0.01,0.04999999769082879,0.01,0.01,0.01,0.01,0.2,0.01,0.2,0.01,0.01
2010-03-15,0.01,0.01,0.01,0.010000000000014312,0.01,0.01,0.01,0.2,0.010000000000000002,0.01,0.2,0.05000000000081427,0.01,0.01000000000021352,0.01,0.2,0.2,0.01,0.01,0.01
2010-04-14,0.19999999999999551,0.010000000000021872,0.1999999999999745,0.01,0.010000000000002778,0.01000000000000815,0.01,0.01,0.010000000000018595,0.01,0.1999999999999671,0.01,0.01,0.01,0.01000000000000033,0.01924605184904587,0.11679597269748442,0.010000000000009328,0.12395797545349777,0.01000000000000998
2010-05-13,0.19999999999998067,0.19999999999998744,0.01,0.01,0.010000000000024175,0.19999999999998183,0.010000000000010622,0.01,0.010000000000047771,0.01,0.1698804195316316,0.01,0.010000000000007631,0.07733706301765658,0.010000000000002672,0.012782517450660363,0.01,0.010000000000013097,0.010000000000015824,0.010000000000025194
2010-06-14,0.010000000000140605,0.09431905126023885,0.010000000000067464,0.199999999998366,0.010000000000253176,0.01000000000102263,0.010000000000177915,0.07220729608472441,0.010000000000752327,0.01,0.01,0.010000000000019025,0.010000000000140454,0.010000000000066794,0.010000000000014619,0.19999999999764748,0.09347365265631913,0.19999999999959997,0.010000000000371913,0.010000000000090546
2010-07-14,0.1558747143120603,0.1999999999998293,0.010000000000082578,0.01,0.010000000000173098,0.010000000000040605,0.010000000000672103,0.19999999999853568,0.010000000000244777,0.01,0.01,0.010000000000015248,0.010000000000069235,0.09412528568883045,0.01,0.1999999999993332,0.01,0.010000000000010566,0.010000000000178304,0.010000000000075015
2010-08-12,0.010000000000026866,0.010000000000039363,0.010000000000034318,0.01,0.0721693548379834,0.01,0.19999999999994714,0.01,0.010000000000059505,0.01,0.19999999999985482,0.01,0.010000000000026385,0.17783064516207678,0.01,0.01,0.01000000000000299,0.010000000000010917,0.010000000000040003,0.1999999999999459
2010-09-13,0.01,0.01,0.2,0.2,0.01,0.01,0.01,0.010000000000016586,0.049999999996654984,0.2,0.010000000000025133,0.01,0.01,0.2,0.01,0.010000000000016678,0.01,0.01,0.01,0.01
2010-10-12,0.2,0.01,0.01,0.03364063054077314,0.2,0.01,0.01,0.2,0.01,0.01,0.01,0.01,0.01,0.01,0.01,0.026359369459815388,0.01,0.2,0.01,0.01
2010-11-10,0.010000000005012255,0.19999999998600848,0.010000000007022695,0.010000000002330504,0.010000000006522786,0.010000000003859338,0.010000000005337751,0.010000000001268543,0.010000000007694408,0.04535938302404604,0.06833688180406017,0.19999999998323548,0.010000000004003789,0.1463037351335585,0.010000000002869571,0.01000000000154274,0.01000000002599373,0.19999999998281473,0.010000000008204694,0.010000000004613784
2010-12-10,0.01,0.18902743529595106,0.01,0.01,0.01,0.2,0.01,0.010000000000012367,0.01,0.2,0.15062874496202963,0.017830506381038242,0.01,0.10251331336159211,0.01,0.01,0.01,0.01,0.01,0.01
2011-01-11,0.010000000000000727,0.19999999999999768,0.010000000000002028,0.03209692128868542,0.010000000000005092,0.010000000000002254,0.010000000000005447,0.010000000000001162,0.010000000000006552,0.08206270479408578,0.01,0.010000000000001787,0.1999999999999921,0.19999999999999638,0.01,0.01,0.14584037391721932,0.01,0.010000000000004181,0.010000000000001095
2011-02-10,0.01,0.2,0.2,0.010000000000060709,0.01,0.01,0.01,0.010000000000044938,0.02277371061169816,0.01000000000003788,0.03722628938779992,0.2,0.01,0.010000000000011208,0.0100000000000431,0.010000000000032044,0.01,0.2,0.01,0.01
2011-03-14,0.05962967234119663,0.19999999995434495,0.010000000054717368,0.1903703275556668,0.010000000019367723,0.010000000013460048,0.010000000015597204,0.01000000000852006,0.010000000020413192,0.0100000000183652,0.19999999994599407,0.010000000011227288,0.010000000014350906,0.01000000001095255,0.010000000010722319,0.010000000009206181,0.010000000012605592,0.19999999994819107,0.010000000022087193,0.010000000013013838
2011-04-12,0.01,0.01,0.01,0.2,0.01,0.2,0.01,0.010000000000054002,0.01,0.010000000000096298,0.05000000000017964,0.01,0.01,0.010000000000100902,0.01,0.010000000000134823,0.2,0.2,0.009999999999999995,0.01
2011-05-12,0.19999999999977805,0.011088340431428503,0.010000000000076678,0.04891165956943315,0.01000000000009884,0.010000000000065633,0.010000000000069051,0.19999999999890467,0.01000000000014501,0.01000000000001288,0.010000000000016447,0.010000000000043856,0.010000000000058927,0.01000000000004993,0.01000000000004268,0.010000000000027256,0.19999999999980048,0.010000000000033564,0.010000000000144907,0.1999999999997696
2011-06-13,0.01,0.01,0.01,0.01,0.01,0.01,0.01,0.01,0.01,0.01,0.2,0.2,0.01,0.01,0.08938109458139602,0.01,0.2,0.16061890560895578,0.01,0.01
2011-07-13,0.2,0.01,0.01,0.01,0.01,0.01,0.01,0.15262927973808005,0.01,0.2,0.01,0.01,0.01,0.01,0.044959043038012826,0.01,0.062411677225767376,0.2,0.01,0.01
2011-08-11,0.010000000001092269,0.010000000002861165,0.19999999999589085,0.01,0.010000000003517605,0.010000000000977406,0.010000000001344354,0.01,0.010000000004122015,0.01,0.01,0.19999999999468449,0.010000000001314782,0.010000000000948323,0.010000000000518936,0.1999999999607306,0.19999999999569024,0.023477946240660234,0.010000000003550473,0.03652205379284176
2011-09-12,0.01,0.01,0.16869048253067284,0.01,0.01,0.01,0.19011458341686255,0.01,0.01,0.0696121760830076,0.2,0.01,0.01,0.01,0.2,0.01,0.031582757972271336,0.01,0.01,0.01
2011-10-11,0.01,0.2,0.01,0.2,0.01,0.01,0.01,0.01,0.01,0.01,0.2,0.01,0.01,0.01,0.05000000005473296,0.01,0.2,0.01,0.01,0.01
2011-11-09,0.2,0.01,0.01,0.010000000000014464,0.01,0.2,0.01,0.01,0.01,0.010000000000045483,0.01000000000002307,0.01,0.2,0.2,0.050000000000008774,0.010000000000035498,0.01,0.010000000000011262,0.010000000000000002,0.01
2011-12-09,0.1104708406924924,0.01,0.01,0.010000000000043596,0.01,0.01,0.2,0.010000000000184615,0.01,0.010000000000078254,0.010000000000160431,0.01,0.2,0.13952915928946372,0.01,0.2,0.01,0.01,0.01,0.01
2012-01-11,0.01,0.01,0.01,0.01,0.01,0.2,0.01,0.1351352752824531,0.01,0.18374153338344743,0.01,0.01,0.01,0.13112319133792644,0.2,0.01,0.01,0.01,0.01,0.01
2012-02-10,0.2,0.01,0.01,0.2,0.2,0.01,0.07073667785688748,0.010000000000014459,0.01,0.010000000000015465,0.01000000000000199,0.010000000000001162,0.01,0.026879882012604838,0.01,0.010000000000002646,0.16238344013016826,0.01,0.01,0.01
2012-03-13,0.01,0.2,0.01,0.2,0.01,0.01,0.01,0.010000000000005196,0.01,0.010000000000000848,0.17325763551777304,0.2,0.010000000000004476,0.01000000000000083,0.010000000000000838,0.01000000000000389,0.01,0.01000000000000106,0.07674236448222321,0.01
2012-04-12,0.010000000000091748,0.010000000000213616,0.010000000000126241,0.01,0.01000000000017714,0.010000000000078644,0.19999999999968932,0.19999999999875562,0.010000000000206635,0.010000000000001428,0.01739584866352367,0.010000000000075098,0.1999999999996777,0.010000000000055577,0.19999999999959803,0.013581602303770403,0.03902254903358661,0.01000000000003989,0.010000000000239989,0.010000000000104325
2012-05-11,0.010000000023692335,0.010000000027850531,0.010000000026566752,0.1999999999037111,0.01000000003177022,0.01000000002511993,0.010000000024980396,0.07832011013427302,0.010000000138901117,0.19999999990344589,0.1101968186741758,0.19999999990403905,0.010000000155064916,0.010000000021642915,0.07148307087504494,0.01000000002065353,0.010000000028242844,0.010000000022241983,0.01000000003437002,0.01000000002421283
2012-06-12,0.010000000028177046,0.010000000029694417,0.010000000028459386,0.010000000025019579,0.010000000031301083,0.01000000065198787,0.050950544370980545,0.19999999966713025,0.010000000032810057,0.010000000025274115,0.19889435214903578,0.010000000026925276,0.010000000028195013,0.010000000025937402,0.010000000026779442,0.19999999957113584,0.19999999989708273,0.01015510332295277,0.010000000033317224,0.01000000002780426
2012-07-12,0.01,0.01,0.01,0.2,0.01,0.01,0.01,0.01,0.01,0.01,0.2,0.01,0.01,0.01,0.01,0.01,0.2,0.13867272980671316,0.01,0.11132727026229164
2012-08-10,0.19999999999999535,0.010000000000007638,0.01,0.19213196123041015,0.010000000000003123,0.01590549981991809,0.04869665912321386,0.010000000000002007,0.010000000000004767,0.01,0.01,0.0100000000000023,0.010000000000000427,0.010000000000001638,0.19999999999999848,0.01,0.01,0.19999999999993223,0.013265879826516135,0.01
2012-09-11,0.19999999999894166,0.010000000000478584,0.01000000000030492,0.010000000000074625,0.010000000000552123,0.19999999999893708,0.010000000000354257,0.010000000000064324,0.010000000000399734,0.010000000000124801,0.010000000000101568,0.010000000000269037,0.049999999999349454,0.01000000000026021,0.0100000000002038,0.010000000000101721,0.010000000000271014,0.19999999999967405,0.010000000000633419,0.19999999999890364
2012-10-10,0.19999999999998908,0.010000000000007916,0.010000000000002476,0.1999999999999684,0.010000000000018505,0.19999999999998766,0.19999999999999293,0.01,0.010000000000011331,0.01,0.01107329621522877,0.010000000000004698,0.010000000000006065,0.01000000000000331,0.010000000000001197,0.01,0.048926703784778335,0.01,0.01000000000000889,0.010000000000000727
2012-11-12,0.2,0.2,0.01,0.010000000000003334,0.01,0.2,0.01,0.2,0.01,0.010000000000002738,0.010000000000002203,0.01,0.01,0.01,0.01,0.0100000000000031,0.01,0.05000000000010543,0.01,0.01
2012-12-12,0.07280492769916143,0.01,0.01,0.010000000000020983,0.01,0.2,0.01,0.2,0.01,0.01000000000001946,0.01,0.01,0.01,0.01,0.01,0.2,0.14390679119492925,0.04328828110581034,0.01,0.01
2013-01-14,0.010000000000005645,0.01,0.14665273961501415,0.01,0.19999999999999915,0.19999999999999798,0.01000000000000134,0.01,0.010000000000001041,0.010000000000001077,0.01,0.01,0.010000000000000687,0.010000000000001185,0.01,0.06002835983261974,0.19999999999999987,0.05331890055235932,0.010000000000002316,0.010000000000000767
2013-02-13,0.010000000494850341,0.010000000515780426,0.010000000505686248,0.010000000463211423,0.16661412846310758,0.010000000494656575,0.010000000502255352,0.1999999980911526,0.010000000582485217,0.19999999809612068,0.08338586318294297,0.010000006990507827,0.010000000498527395,0.010000000482627955,0.19999999811386227,0.01000000046703874,0.010000000513023445,0.010000000475026576,0.010000000574997815,0.010000000492138558
2013-03-15,0.010000000055273314,0.010000000059961848,0.010000000057298297,0.19999999885980788,0.010000000811007905,0.010000000050429414,0.010000000055758258,0.1999999997856962,0.0100000000755713,0.0100000000411744,0.010000000040314155,0.010000000047318526,0.010000000052510696,0.12270476202193517,0.19999999979624578,0.12729523795785497,0.010000000060180612,0.01000000004381611,0.01000000007515787,0.010000000052687185
2013-04-16,0.010000000000000002,0.010000000000001785,0.010000000000000002,0.2,0.010000000000025336,0.010000000000011382,0.010000000000000002,0.010000000000003381,0.010000000000000002,0.2,0.010000000000001473,0.010000000000015816,0.010000000000000002,0.010000000000000155,0.2,0.010000000000000002,0.010000000000006469,0.2,0.010000000000014456,0.05000000000002471
2013-05-15,0.01,0.01,0.01,0.2,0.01,0.2,0.01,0.2,0.01,0.01,0.01,0.01,0.01,0.01,0.01,0.05000000000381896,0.01,0.2,0.01,0.01
2013-06-14,0.010000000000452482,0.010000000000779132,0.1999999999982962,0.010000000000304996,0.010000000000515746,0.19999999999822585,0.010000000000263756,0.010000000000168771,0.010000000000959637,0.010000000000212662,0.0100000000001819,0.010000000000392981,0.010000000000441971,0.010000000000372438,0.01000000000046078,0.19999999999766752,0.010000000000711023,0.05000000000028123,0.010000000001031411,0.19999999999827942
2013-07-16,0.010000000000307931,0.010000000000069759,0.010000000000074782,0.01,0.010000000000499635,0.19999999999991006,0.010000000000086356,0.19999999999790186,0.010000000003715082,0.01,0.08881212648147753,0.01,0.16118787351619027,0.010000000000317455,0.1999999999997957,0.01,0.010000000000014086,0.01,0.010000000000251691,0.01
2013-08-14,0.01,0.01,0.13641278047874672,0.010000000000006243,0.01,0.2,0.01,0.16210273536442324,0.01,0.010000000000007246,0.010000000000013743,0.15148448415710872,0.2,0.01,0.010000000000008377,0.0100000000000142,0.01,0.01,0.01,0.01
2013-09-13,0.010000000000027527,0.014688002221661287,0.010000000000031624,0.08164050154073255,0.010000000000233704,0.010000000000021816,0.19999999999994242,0.19999999999991466,0.010000000000048128,0.01,0.19999999999975715,0.010000000000008101,0.010000000000012024,0.010000000000008315,0.16367149623751187,0.01,0.010000000000017238,0.010000000000007302,0.010000000000052377,0.01000000000001901
2013-10-14,0.01,0.01,0.01,0.01,0.01,0.01,0.01,0.2,0.01,0.01,0.01,0.05000000001606634,0.2,0.01,0.01,0.01,0.2,0.2,0.01,0.01
2013-11-12,0.010000000000000002,0.2,0.01,0.01,0.01,0.01,0.01,0.2,0.01,0.05000002918752698,0.01,0.01,0.01,0.01,0.2,0.01,0.01,0.2,0.01,0.01
2013-12-12,0.19999999997629989,0.010000000011780944,0.010000000014988478,0.1999999999553999,0.01000000001140231,0.010000000006731227,0.010000000009088435,0.010000000003022582,0.010000000012910668,0.01000000000369315,0.010000000003558324,0.01000000000729794,0.19999999997298878,0.010000000003811495,0.19999999997287377,0.01000000000330276,0.010000000033699843,0.04999999997725719,0.010000000013840165,0.010000000006052247
2014-01-14,0.01,0.01,0.010000000000003756,0.2,0.0100000000000032,0.01,0.01,0.01,0.01000000000000111,0.19999999999999363,0.010000000000000382,0.1192889428970406,0.01,0.01,0.010000000000001574,0.010000000000000096,0.13071105710296527,0.1999999999999982,0.01,0.01
2014-02-13,0.01,0.01,0.010000000000122595,0.010000000000089748,0.01,0.010000000000068475,0.010000000000185418,0.010000000000277858,0.07142864868648642,0.2,0.010000000000396437,0.2,0.01,0.01,0.01,0.08364469352205185,0.2,0.010000000000016385,0.01,0.10492665779540854
2014-03-17,0.19999999999999135,0.01000000000004248,0.010000000000000963,0.01,0.1958541811188161,0.010000000000003584,0.010000000000001254,0.01,0.19999999999999898,0.01000000000000033,0.01,0.010000000000001768,0.010000000000006086,0.01000000000000523,0.05414581888114198,0.19999999999998389,0.01,0.01,0.01000000000001297,0.010000000000003003
2014-04-15,0.01,0.01,0.01,0.2,0.01,0.01,0.01,0.2,0.01,0.01,0.01,0.19382675285207657,0.01,0.01,0.01,0.01,0.05617324714936969,0.01,0.01,0.2
2014-05-15,0.010000000000000002,0.010000000000000002,0.010000000000003152,0.19999999999995033,0.19999999999987372,0.010000000000069661,0.19999999999990847,0.01000000000007848,0.010000000000035439,0.010000000000072312,0.19999999999995188,0.010000000000000002,0.010000000000000002,0.01000000000006298,0.010000000000032101,0.010000000000021332,0.04999999999996198,0.010000000000082075,0.010000000000000002,0.010000000000000002
2014-06-16,0.19999999999675797,0.010000000012675888,0.010000000001282433,0.01,0.010000000002126976,0.01000000000089754,0.010000000001235432,0.19999999999454798,0.010000000003689015,0.19999999996979095,0.04228027311862382,0.017719726885245257,0.010000000001123048,0.010000000003064126,0.19999999999606557,0.01,0.010000000000612205,0.01,0.01000000001300176,0.010000000000914744
2014-07-16,0.010000000000055268,0.13078646738665756,0.01000000000010908,0.199999999999603,0.01000000000034741,0.11921353261291583,0.010000000000088808,0.01000000000002369,0.01000000000021549,0.010000000000021388,0.01000000000002843,0.19999999999970863,0.010000000000116244,0.010000000000057999,0.010000000000050928,0.010000000000041588,0.010000000000082995,0.19999999999963178,0.010000000000172881,0.010000000000071018
2014-08-14,0.19999999999999324,0.010000000000005208,0.010000000000001667,0.01,0.010000000000000677,0.01,0.19999999999999885,0.18993106028576243,0.010000000000007106,0.01,0.010000000000001095,0.010000000000002226,0.01,0.010000000000000843,0.010000000000000047,0.06006893971422482,0.2,0.010000000000000323,0.010000000000002264,0.01
2014-09-15,0.05328167506356943,0.01000000000013212,0.010000000000054222,0.19999999999975598,0.01000000000002228,0.010000000000030184,0.19999999999985535,0.01,0.010000000000144121,0.010000000000003714,0.010000000000033323,0.19144078627234137,0.1494575335135471,0.01000000000001753,0.010000000000052283,0.01,0.06582000515032223,0.010000000000003784,0.010000000000092919,0.010000000000038803
2014-10-14,0.15251092745134875,0.010000000000350952,0.010000000000114551,0.01,0.010000000000289186,0.1999999999995004,0.09748907254953545,0.19999999999869655,0.010000000000322966,0.1999999999988816,0.010000000000055385,0.010000000000169268,0.010000000000179012,0.01,0.01000000000011387,0.01,0.010000000000065502,0.010000000000065347,0.010000000000237397,0.010000000000146959
2014-11-12,0.19999999998924073,0.010000000008865383,0.010000000005947989,0.09269591257232673,0.010000000006365466,0.01000000002296336,0.02537576960530353,0.1419283178032952,0.010000000006638046,0.19999999996913986,0.010000000000361763,0.010000000005130636,0.010000000003120214,0.01000000000058334,0.010000000002531576,0.010000000000486188,0.010000000003473805,0.19999999998465184,0.01000000000559471,0.010000000003979636
2014-12-12,0.010000000000044175,0.010000000000128994,0.010000000000073596,0.01,0.010000000000090627,0.010000000000045977,0.19999999999985574,0.15981419512106132,0.010000000000485702,0.01,0.19999999999976842,0.1999999999998213,0.09018580487837614,0.010000000000060625,0.010000000000024928,0.01,0.010000000000044366,0.010000000000005569,0.010000000000105914,0.010000000000049344
2015-01-14,0.08743291199801696,0.010000000000064497,0.010000000000055858,0.11125725684729627,0.010000000000010102,0.13128828758604663,0.19999999999996268,0.01,0.010000000000040464,0.0100000000000087,0.01,0.010000000000016671,0.01000000000002018,0.19999999999997675,0.010000000000001289,0.01,0.13002154356848714,0.01,0.010000000000038976,0.010000000000042709
2015-02-13,0.010000000000020751,0.010000000000029784,0.19999999999995896,0.0499999999999815,0.010000000000026044,0.010000000000004092,0.19999999999995832,0.19999999999991944,0.010000000000025922,0.01,0.01,0.010000000000043172,0.010000000000010625,0.010000000000025901,0.010000000000015238,0.01,0.19999999999994933,0.010000000000007092,0.01000000000003366,0.010000000000023494
2015-03-17,0.010000000241532678,0.010000000416556359,0.010000000387445158,0.19999999875875146,0.010000000359627477,0.010000001189497088,0.010000000284907521,0.010000000329059833,0.01000000042803057,0.19999999878172384,0.18358048058947068,0.010000000283905356,0.010000000304527735,0.010000000311690365,0.010000000333133042,0.19999999876101848,0.06641951729659885,0.010000000213185558,0.01000000042156834,0.010000000307769735
2015-04-16,0.2,0.01,0.01,0.010000000000005642,0.01,0.2,0.2,0.049999999999973475,0.01,0.01,0.010000000000006863,0.01,0.01,0.010000000000004517,0.01,0.2,0.01,0.01,0.010000000000000002,0.01
2015-05-15,0.02325606065721051,0.04846721038589114,0.01,0.038976088362551814,0.01,0.01,0.0778823203478539,0.01,0.01,0.010000000000000467,0.01,0.01,0.2,0.010000000000004595,0.2,0.010000000000004464,0.2,0.09141832024650694,0.01,0.01
2015-06-16,0.1793062964683344,0.010000000000222225,0.010000000000030682,0.12650909812170805,0.010000000000198713,0.16225809720327808,0.010000000000229835,0.010000000000076843,0.010000000000146505,0.010000000000046834,0.010000000000012044,0.010000000000005952,0.19999999999983542,0.10063307960417506,0.010000000000018201,0.01000000000002093,0.010000000000001997,0.0912934287032868,0.010000000000074094,0.01000000000002625
2015-07-16,0.2,0.01,0.01,0.010000000000021835,0.01,0.2,0.01,0.010000000000005732,0.010000000000000002,0.010000000000006212,0.010000000000008008,0.01,0.2,0.010000000000010946,0.05000000000001449,0.2,0.01,0.01,0.01,0.01
2015-08-14,0.010000000000009534,0.010000000000246331,0.010000000000195311,0.010000000000002044,0.0100000000000709,0.010000000000013949,0.010000000000038974,0.010000000000024935,0.01000000000009654,0.010000000000048997,0.11585575561913346,0.11189921656343835,0.19999999999982726,0.0821656709309309,0.18807432635576513,0.010000000000020066,0.16200503054547088,0.010000000000033904,0.010000000000108401,0.01000000000010456
2015-09-15,0.01,0.01,0.01,0.2,0.01,0.01,0.2,0.01000000000014837,0.01,0.010000000000121816,0.010000000000193177,0.1301974234937325,0.01,0.010000000000022848,0.2,0.010000000000267168,0.11980257650744507,0.01000000000012253,0.01,0.01
2015-10-14,0.010000000000205834,0.010000000001235236,0.01000000000060402,0.01,0.010000000000877217,0.010000000000352076,0.01000000000076062,0.010000000000106857,0.010000000001060027,0.01,0.01,0.010000000000504609,0.19999999999844226,0.010000000000351046,0.13215256321831917,0.01,0.1999999999986996,0.199999999995397,0.010000000001230013,0.11784743678244972
2015-11-12,0.01,0.01,0.2,0.010000000000101213,0.01,0.01,0.01,0.01000000000002818,0.10706204063318074,0.010000000000034204,0.2,0.01,0.18187530480395714,0.010000000000009954,0.01,0.010000000000078897,0.01,0.010000000000080167,0.01,0.16106265456328328
2015-12-14,0.010000000000113363,0.010000000000092166,0.010000000000163699,0.04999999999987264,0.01000000000009904,0.01,0.010000000000037298,0.01,0.19999999999998752,0.01,0.19999999999976578,0.010000000000011196,0.010000000000058554,0.19999999999989634,0.01,0.01,0.0100000000000056,0.01,0.19999999999996676,0.010000000000144857
2016-01-14,0.01,0.01,0.01,0.010000000000000576,0.01,0.2,0.01,0.010000000000267177,0.01,0.010000000000312589,0.2,0.01,0.01,0.2,0.2,0.010000000000085373,0.010000000000016463,0.010000000000389694,0.01,0.049999999996648864
2016-02-16,0.01,0.010000000000000002,0.01,0.01000000000001898,0.01,0.01,0.2,0.010000000000010084,0.2,0.050000000000018814,0.2,0.01,0.2,0.01000000000000061,0.010000000000001692,0.010000000000014808,0.01,0.010000000000008289,0.01,0.01
2016-03-16,0.010000000000169804,0.010000000000662975,0.01000000000044871,0.1999999999979642,0.19999999999943172,0.010000000000207076,0.08418309541020624,0.01,0.010000000001155845,0.01,0.16581690458661166,0.010000000000544833,0.19999999999903997,0.010000000000556591,0.010000000000263128,0.01,0.010000000001878988,0.01,0.010000000000867006,0.010000000000499533
2016-04-15,0.2,0.01,0.01,0.01,0.01,0.01,0.01,0.01,0.01,0.01,0.2,0.01,0.2,0.01,0.01,0.05000017122630201,0.01,0.2,0.01,0.01
2016-05-16,0.01000000004457814,0.010000000057143523,0.010000000057608817,0.010000000030272538,0.010000000058193407,0.01000000004376077,0.010000000047381307,0.19999999983027714,0.010000000060806797,0.010000000031402317,0.199999999827472,0.010000000042810726,0.010000000041756456,0.05000000000071937,0.010000000022896879,0.19999999982716882,0.19999999984491096,0.0100000000305505,0.010000000051749397,0.010000000048540195
2016-06-15,0.01,0.01,0.01,0.010000000000070829,0.01,0.01,0.07012871753359308,0.2,0.01,0.07713726902672363,0.010000000000092815,0.2,0.01000000000000409,0.19999999999999055,0.11273401343995179,0.010000000000075676,0.01,0.01,0.01,0.010000000000016714
2016-07-15,0.010000000000041058,0.010000000000143585,0.010000000000038568,0.01,0.010000000000174715,0.1999999999997373,0.19999999999982157,0.01,0.010000000000219889,0.01,0.01,0.010000000000045368,0.15544609607310822,0.1750543262222965,0.010000000000027834,0.01,0.010000000000018256,0.01,0.010000000000155404,0.11949957770457743
2016-08-15,0.010000000000105683,0.01000000000095508,0.010000000000220523,0.19999999999871035,0.19999999999975854,0.010000000000126482,0.01000000000018501,0.01,0.04619464930489285,0.010000000000064697,0.1999999999988811,0.010000000000354739,0.01000000000020829,0.01,0.19999999999773488,0.01,0.013805350696923659,0.010000000000048387,0.01000000000085768,0.010000000000372725
2016-09-14,0.010000000000060991,0.010000000000031189,0.010000000000065165,0.19999999999986875,0.010000000000075247,0.010000000000038643,0.010000000000023254,0.039959541563348355,0.01000000000004456,0.01,0.01,0.19999999999987994,0.010000000000070113,0.2,0.010000000000010343,0.01,0.14949196688373906,0.07054849155273328,0.010000000000044945,0.010000000000016336
2016-10-13,0.15932374508069339,0.01,0.01,0.010000000000022128,0.01,0.01,0.2,0.2,0.01,0.04663463463466091,0.01,0.01,0.01,0.07802946163418871,0.010000000000037854,0.10367512247287937,0.01,0.010000000000054868,0.01,0.08233703617784
2016-11-11,0.010000000000078328,0.2,0.01,0.010000000000213354,0.01,0.2,0.01,0.010000000000087368,0.01,0.010000000000231189,0.010000000000189576,0.10643447257655264,0.14356552742374667,0.19999999999973428,0.01,0.010000000000198257,0.010000000000023317,0.010000000000153617,0.01,0.01
2016-12-13,0.010000000000000552,0.01,0.010000000000002921,0.15724524282502997,0.010000000000000371,0.0100000000000005,0.19999999999999976,0.01,0.010000000000000087,0.010000000000000179,0.1775041391428777,0.19999999999999982,0.010000000000000005,0.010000000000000077,0.01000000000000371,0.01,0.010000000000002701,0.11525061803221039,0.010000000000000477,0.01
2017-01-13,0.010000000000001811,0.2,0.01,0.010000000000017207,0.010000000000000005,0.01,0.2,0.02748666544270801,0.01,0.010000000000009173,0.010000000000003933,0.01,0.01,0.03251333455731472,0.010000000000000312,0.010000000000007447,0.2,0.2,0.01,0.01
2017-02-14,0.01000000000000414,0.19999999999992063,0.01000000000006448,0.19999999999971965,0.10509084121103378,0.01,0.07332229692451617,0.01,0.010000000000105973,0.01,0.01,0.01,0.010000000000059307,0.010000000000127249,0.010000000000068818,0.08158686186455648,0.1999999999999703,0.01,0.010000000000053065,0.010000000000019995
2017-03-16,0.010000000000004552,0.010000000000086004,0.05951490522869852,0.01,0.19999999999994011,0.01,0.08604022095293917,0.01,0.2,0.01,0.01,0.01,0.08997310156217483,0.09859394386401081,0.010000000000004384,0.014962195291797898,0.01,0.01,0.13091563310041202,0.010000000000017346
2017-04-17,0.2,0.010000000000000002,0.01,0.050000000000013034,0.2,0.01,0.2,0.01000000000000511,0.2,0.01,0.01,0.01,0.01,0.010000000000004824,0.010000000000001301,0.010000000000002897,0.01,0.01,0.01,0.010000000000000085
2017-05-16,0.2,0.01,0.01,0.12023413642735095,0.01,0.01,0.01,0.2,0.01,0.010000000000003366,0.010000000000000736,0.010000000000003041,0.01,0.010000000000075882,0.01,0.01,0.12035207222821179,0.2,0.019413791344592132,0.01
2017-06-15,0.1999999999999958,0.010000000000002078,0.010000000000006054,0.049999999999985965,0.1999999999999993,0.01000000000000496,0.010000000000002882,0.01,0.19999999999999854,0.01,0.19999999999998547,0.010000000000001882,0.010000000000007798,0.01,0.01,0.01,0.01,0.010000000000006632,0.010000000000003825,0.010000000000020656
2017-07-17,0.010000000000003234,0.1999999999999861,0.01000000000006285,0.010000000000019778,0.010000000000058993,0.1892887475816345,0.01000000000003725,0.060711252418258636,0.19999999999999127,0.010000000000019675,0.19999999999990953,0.010000000000006934,0.010000000000035108,0.010000000000071849,0.010000000000014553,0.010000000000017025,0.010000000000040142,0.010000000000028443,0.010000000000034927,0.010000000000053796
2017-08-15,0.155093893517541,0.07076540404535246,0.010000000000020288,0.19999999999990284,0.010000000000061043,0.010000000000066135,0.010000000000035448,0.01000000000005348,0.010000000000065875,0.02265830105019149,0.010000000000064504,0.010000000000006098,0.010000000000001534,0.021482401421410405,0.01000000000000592,0.19999999999992388,0.010000000000077565,0.010000000000033196,0.19999999999999515,0.010000000000035173
2017-09-14,0.01,0.2,0.01,0.01000000000008101,0.01,0.1568316047229684,0.01,0.010000000000043304,0.01,0.010000000000044473,0.2,0.09316839527720724,0.01,0.010000000000092516,0.01,0.010000000000029754,0.2,0.01,0.01,0.01
2017-10-13,0.01,0.01,0.01,0.0100000000001793,0.01,0.2,0.01,0.13808417145053084,0.01,0.010000000000349452,0.06357998336158818,0.14415881276584905,0.01,0.010000000000147407,0.01,0.01,0.11417703242434495,0.2,0.01,0.01
2017-11-13,0.010000000000003804,0.01,0.010000000000000073,0.19999999999999218,0.19999999999999532,0.19765353897754737,0.010000000000002122,0.01,0.010000000000006991,0.05234646100497499,0.19999999999999407,0.010000000000001397,0.010000000000003433,0.010000000000003754,0.010000000000000587,0.010000000000001237,0.01000000000000084,0.010000000000000366,0.010000000000003775,0.01
2017-12-13,0.01,0.2,0.01,0.01,0.01,0.010000000000021741,0.01,0.2,0.01,0.01000000000004913,0.12108747727637434,0.01,0.06000341662997165,0.011536552260150226,0.01,0.010000000000053624,0.16890946790024558,0.10846308593351309,0.01,0.01
2018-01-16,0.010000000000063623,0.10732451969861526,0.01,0.2,0.017481577862220522,0.2,0.01,0.2,0.01,0.01000000000007334,0.010000000000081333,0.01,0.01,0.02456859589434444,0.01,0.01,0.01,0.12062530654522803,0.01,0.01
2018-02-14,0.04474447990712526,0.012227197922802626,0.01,0.010000000000072257,0.01,0.01,0.12445269351827574,0.2,0.2,0.2,0.08857562865188733,0.01,0.01,0.0100000000000052,0.01,0.010000000000047,0.01,0.010000000000012655,0.01,0.01
2018-03-16,0.010000000000000002,0.19508646935622687,0.010000000000000571,0.010000000000000248,0.010000000000000002,0.054913530643773634,0.2,0.010000000000000002,0.010000000000000002,0.010000000000000002,0.010000000000005674,0.010000000000000002,0.010000000000004955,0.010000000000001457,0.010000000000000002,0.010000000000000217,0.010000000000000073,0.2,0.2,0.010000000000000002
2018-04-17,0.17122645293344124,0.2,0.01,0.11735592744776419,0.01,0.014039877656301178,0.01,0.010000000000047965,0.01,0.01,0.2,0.09206275239922866,0.010000000000010889,0.0753149895639966,0.01000000000008253,0.010000000000015415,0.010000000000014223,0.01,0.01,0.01
2018-05-16,0.01,0.10810885510494161,0.11190279254352489,0.19999999999983684,0.010000000000070331,0.010000000000021337,0.010000000000105693,0.010000000000035451,0.03998835235160919,0.01,0.19999999999981785,0.010000000000034558,0.010000000000108488,0.01,0.01,0.010000000000039201,0.01,0.19999999999988946,0.010000000000031225,0.01000000000008454
2018-06-15,0.01000000000015765,0.010000000000300248,0.010000000000945265,0.010000000000071977,0.010000000000579054,0.19999999999900267,0.010000000000299035,0.010000000000026574,0.01000000000013075,0.01000000000002005,0.010000000000037161,0.010000000000372303,0.01000000000086401,0.0833263359034917,0.014678285155244067,0.010000000000045304,0.16199537894122432,0.19999999999902962,0.010000000000566783,0.19999999999891496
2018-07-17,0.2,0.010000000000000002,0.2,0.2,0.010000000000000002,0.05000000000003617,0.010000000000021624,0.010000000000011756,0.010000000000022304,0.010000000000000002,0.010000000000000002,0.010000000000000002,0.010000000000000002,0.010000000000000002,0.010000000000000002,0.010000000000007551,0.010000000000029145,0.010000000000000002,0.010000000000027882,0.2
2018-08-15,0.010000000000059598,0.010000000000047467,0.01000000000010259,0.010000000000005246,0.010000000000078056,0.010000000000083484,0.010000000000077343,0.19999999999985751,0.010000000000047663,0.1032032016526332,0.010000000000004335,0.19999999999988838,0.19999999999996315,0.010000000000007093,0.12616555335751864,0.010000000000004075,0.030631244989683573,0.01000000000000717,0.010000000000037139,0.010000000000062582
2018-09-14,0.01,0.010000000000504387,0.01000000000004706,0.01,0.010000000000360608,0.010000000000026247,0.010000000000450343,0.01,0.010000000000268768,0.01,0.01,0.19999999999969703,0.06997576599468235,0.01,0.19999999999965348,0.01,0.1999999999998459,0.18002423400501014,0.010000000000038475,0.01000000000016936
2018-10-15,0.19999999999844012,0.02461978797166778,0.010000000001085906,0.01,0.010000000001402987,0.010000000000759941,0.010000000001287123,0.010000000000199736,0.010000000001100896,0.01,0.1999999999973107,0.010000000000965289,0.010000000001040217,0.01,0.19999999999750664,0.01,0.010000000000520023,0.03538021202876358,0.010000000000783814,0.19999999999793058
2018-11-13,0.08305736727179672,0.010000000000481507,0.01000000000021366,0.01,0.010000000000613159,0.010000000000071414,0.19999999999987658,0.01,0.010000000000374964,0.01,0.19999999999885495,0.010000000000330883,0.010000000000337482,0.01,0.01,0.08324820549218537,0.01,0.01,0.09369442723604957,0.19999999999967316
2018-12-14,0.19301358819430164,0.010000000000030703,0.01,0.01,0.010000000000064084,0.1999999999999544,0.1351417558258462,0.01,0.010000000000017972,0.01,0.01,0.01,0.01,0.12184465597988291,0.010000000000019806,0.01,0.010000000000000907,0.01,0.19999999999998314,0.01
2019-01-16,0.2,0.01,0.01,0.010000000000076092,0.01,0.1395279330714927,0.01,0.01,0.01,0.012773874005666737,0.010000000000027227,0.010000000000014971,0.01,0.0802528482006322,0.01,0.2,0.010000000000001057,0.01000000000000287,0.03744534472233804,0.2
2019-02-15,0.09785985333208737,0.010000000000387949,0.1999999999998834,0.18751259685390795,0.010000000000237071,0.01000000000010409,0.010000000000137208,0.010000000000016487,0.01,0.01,0.010000000000007208,0.01,0.010000000000107843,0.16462754981374847,0.01,0.01,0.01,0.1999999999997266,0.01000000000000481,0.010000000000038978
2019-03-19,0.010000000000073868,0.180174389858176,0.01,0.1809718188476588,0.01,0.010000000000009593,0.01,0.2,0.01,0.01,0.2,0.01,0.01,0.08885379129435993,0.01,0.010000000000112062,0.010000000000052101,0.01,0.01,0.01
2019-04-17,0.010000000002495705,0.010000000001595516,0.010000000001237566,0.05662612098993485,0.01000000000323194,0.010000000001350292,0.010000000003144464,0.19999999999497584,0.010000000001409694,0.010000000000083725,0.046987820925873634,0.010000000001368121,0.19999999999767257,0.01,0.1999999999960453,0.15638605807685815,0.01000000000131612,0.010000000000047467,0.010000000001372626,0.010000000000625878
2019-05-17,0.010000000000255133,0.09423458336408905,0.010000000000659887,0.1999999999983223,0.018826859862539454,0.010000000000454179,0.010000000000803883,0.1999999999983349,0.010000000000403663,0.1469385567733366,0.010000000000021419,0.010000000000627375,0.01000000000056039,0.010000000000354857,0.010000000000093627,0.19999999999839618,0.01000000000033307,0.010000000000115137,0.010000000000295198,0.010000000000620426
2019-06-18,0.01,0.01,0.01,0.01,0.01,0.01,0.01,0.01,0.01,0.2,0.2,0.01,0.01,0.01,0.01,0.06094963782798305,0.18905037533379532,0.2,0.01,0.01
2019-07-18,0.01,0.010000000000000002,0.01,0.021395946165367434,0.01,0.01,0.01,0.01,0.01,0.2,0.03860405383487691,0.2,0.01,0.19999999999993584,0.2,0.01,0.01,0.010000000000071483,0.01,0.01
2019-08-16,0.01,0.01,0.01,0.010000000000404309,0.01,0.1348698351019676,0.01,0.01,0.01,0.2,0.1151301648991105,0.01,0.01,0.2,0.01000000000004008,0.2,0.010000000001783709,0.01000000000000908,0.01,0.01
2019-09-17,0.01,0.01,0.01,0.010000000000316355,0.2,0.01,0.01,0.01,0.01,0.2,0.015718976506022823,0.01,0.2,0.044281023495540854,0.01,0.010000000000127848,0.01,0.010000000000027284,0.19999999999939244,0.01
2019-10-16,0.19999999999994125,0.010000000000069197,0.010000000000036204,0.01,0.010000000000095337,0.19999999999983833,0.010000000000061826,0.010000000000022337,0.01000000000000628,0.09923245269240911,0.01608405608730165,0.010000000000092511,0.010000000000153036,0.14468349122020263,0.010000000000013942,0.19999999999980708,0.010000000000016327,0.01,0.01000000000002687,0.010000000000001844
2019-11-14,0.19999999999993037,0.010000000000116043,0.010000000000054894,0.09344592675007261,0.01000000000008,0.010000000000012093,0.010000000000082557,0.04691557160020078,0.01,0.01,0.01,0.010000000000027383,0.06667321924055358,0.19819058023850006,0.01,0.1999999999998523,0.010000000000030877,0.01,0.010000000000014268,0.0647747021705479
2019-12-16,0.2,0.041662188428550954,0.01,0.2,0.01,0.2,0.03879168251045725,0.04719924593655779,0.01,0.042187254277450015,0.01000000000000952,0.01,0.010000000000025586,0.01,0.01,0.11015962884693085,0.01,0.010000000000006193,0.010000000000001077,0.010000000000002339
2020-01-16,0.19999999999954518,0.010000000000306533,0.0100000000002016,0.19999999999912535,0.010000000000328291,0.01000000000012021,0.010000000000345281,0.010000000000079038,0.19999999999937987,0.19203006844787182,0.01000000000006415,0.010000000000224692,0.010000000000420985,0.010000000000000002,0.010000000000111888,0.05278980840716721,0.01000000000012566,0.015180123099215527,0.010000000000314776,0.010000000000271589
2020-02-18,0.12217103487793872,0.010000000000022682,0.010000000000011057,0.06651364836426019,0.19999999999998774,0.01000000000000272,0.01000000000001919,0.1999999999999811,0.010000000000010488,0.01,0.1999999999999822,0.010000000000010697,0.010000000000009654,0.07131531675776573,0.010000000000004283,0.01,0.010000000000001098,0.01,0.010000000000005853,0.010000000000004564
2020-03-18,0.010000000000445439,0.010000000000377275,0.010000000000512288,0.01000000000030592,0.010000000001451221,0.010000000000140037,0.19999999999976564,0.01,0.010000000000640925,0.01,0.01000000000005909,0.01,0.0100000000004578,0.07932724880162305,0.01,0.19999999999897294,0.19999999999952361,0.17067275119588418,0.010000000000399325,0.010000000000318624
2020-04-17,0.01,0.01,0.13144590991577457,0.2,0.01,0.01,0.062384549300747216,0.010000000002626795,0.01,0.010000000000276732,0.2,0.01,0.01,0.06616954078244944,0.01000000000074483,0.010000000001777587,0.01,0.2,0.01,0.01
2020-05-18,0.01,0.010000000000146246,0.05890896949713201,0.010000000000038003,0.010000000000355528,0.19999999999976895,0.010000000000389121,0.01,0.010000000000461147,0.01,0.01,0.010000000000010938,0.11491765684236631,0.19999999999979537,0.01,0.01,0.1999999999996502,0.01,0.08617337366048872,0.010000000000280812
2020-06-17,0.11255298918858184,0.01,0.01,0.01,0.2,0.01,0.01,0.010000000000483001,0.01,0.13744701081334373,0.01,0.01,0.01,0.010000000000706478,0.01000000000016284,0.2,0.01,0.0100000000006759,0.2,0.01
2020-07-17,0.01,0.123850256010089,0.01,0.010000000000836779,0.2,0.01,0.01,0.010000000000620107,0.01,0.01,0.01,0.01,0.2,0.1261497439986331,0.010000000000467699,0.01,0.01,0.2,0.01,0.01
2020-08-17,0.19999999999956575,0.010000000000048078,0.010000000000030476,0.010000000000105529,0.010000000000158023,0.1999999999995652,0.010000000000025953,0.010000000000156089,0.010000000000404102,0.010000000000157742,0.010000000000000002,0.01000000000001896,0.19999999999946225,0.010000000000026099,0.010000000000082016,0.010000000000000002,0.18977123583265118,0.010000000000161196,0.010000000001430602,0.06022876416659065
2020-09-16,0.010000000094199374,0.01000000010022038,0.01,0.010000000235650085,0.010000000287432807,0.19999999951875022,0.010000000211341082,0.010000000097656616,0.01000000020478671,0.010000000198714854,0.19999999943447463,0.010000000187569585,0.010000002692633122,0.010000000106058964,0.010000000212831001,0.199999999333968,0.1999999993960615,0.04999999731449599,0.010000000262250598,0.010000000154559447
2020-10-15,0.010000000000233754,0.010000000000293541,0.010000000000484113,0.01,0.010000000000338823,0.19999999999945098,0.01000000000030223,0.01,0.15947281012617154,0.010000000000018824,0.09052718987328859,0.010000000000009298,0.010000000000086056,0.1999999999994674,0.01,0.01,0.19999999999952667,0.01,0.010000000000314436,0.010000000000836224
2020-11-13,0.19999999999876308,0.010000000000627916,0.047292343255834604,0.010000000000062478,0.010000000000740694,0.010000000000354167,0.01000000000062099,0.1999999999982823,0.014924662576498361,0.01000000000011356,0.010000000000122218,0.010000000000433933,0.010000000000501707,0.19999999999850224,0.010000000000200772,0.010000000001400174,0.010000000000341371,0.1977829941651547,0.010000000000771376,0.01000000000067355
2020-12-15,0.01,0.07239065419635562,0.01,0.09649831573787655,0.01,0.01,0.01,0.01,0.2,0.010000000000008856,0.01,0.2,0.01,0.09111103006583673,0.2,0.010000000000012181,0.01,0.010000000000004106,0.01,0.01
2021-01-15,0.19999999999995158,0.19999999999993345,0.1999999999999601,0.01,0.01000000000006324,0.01000000000000888,0.01000000000003984,0.01,0.010000000000075436,0.01,0.01,0.010000000000016373,0.010000000000015241,0.011754020334369777,0.01,0.04824597966555764,0.010000000000018926,0.1999999999998846,0.010000000000171644,0.010000000000092782
2021-02-17,0.07945312969590429,0.01,0.01,0.01,0.01,0.01,0.01,0.010000000000026923,0.01,0.01,0.17054687031009821,0.2,0.01,0.2,0.2,0.01,0.01,0.01000000000104601,0.01,0.01
2021-03-18,0.2,0.010000000000000002,0.01,0.01,0.2,0.01,0.01,0.010000000000089132,0.01,0.01,0.010000000000016622,0.2,0.01000000000000786,0.010000000000171792,0.010000000000026902,0.010000000000061016,0.01,0.010000000000150722,0.2,0.04999999999999134
2021-04-19,0.01000000000001569,0.19999999999998982,0.010000000000019658,0.01,0.2,0.03411454115991514,0.010000000000026838,0.01,0.2,0.01,0.01,0.025885458840172213,0.010000000000000753,0.01,0.01000000000001315,0.19999999999984883,0.01,0.01,0.010000000000027275,0.010000000000092274
2021-05-18,0.19999999999997695,0.010000000000007248,0.06731889832948763,0.19999999999996262,0.010000000000013588,0.010000000000018855,0.010000000000022076,0.01,0.010000000000023213,0.010000000000004589,0.01,0.010000000000020454,0.010000000000019344,0.18268110167048512,0.01,0.01,0.010000000000005867,0.01,0.19999999999998613,0.010000000000017176
2021-06-17,0.01,0.19999999999999848,0.010000000000010723,0.01,0.010000000000007604,0.010000000000002618,0.01,0.01,0.010000000000002078,0.01,0.19999999999999385,0.010000000000000002,0.010000000000000175,0.19999999999999604,0.01000000000000094,0.01,0.010000000000001508,0.04999999999999885,0.010000000000002623,0.19999999999999488
2021-07-19,0.18056354142303951,0.01,0.01,0.01000000000000611,0.10877190098644268,0.059312438243021584,0.01,0.010000000000004634,0.2,0.010000000000001254,0.04970828567257431,0.010000000000001976,0.01,0.01,0.07164383367493761,0.010000000000004668,0.01,0.010000000000005949,0.01,0.2
2021-08-17,0.01,0.01,0.01,0.2,0.12106573153138957,0.01,0.01,0.010000000000004283,0.01,0.01,0.010000000000002536,0.1289342684686173,0.010000000000003501,0.01000000000001288,0.2,0.010000000000003359,0.01,0.010000000000002758,0.2,0.01
2021-09-16,0.2,0.049000255996959785,0.010000000000000637,0.01,0.1999999999999989,0.01,0.010000000000000155,0.010000000000000108,0.010000000000000004,0.10064405114243762,0.010000000000000061,0.010000000000001107,0.041312042952188356,0.01,0.010000000000000186,0.01,0.01,0.010000000000000894,0.2,0.07904364990841573
2021-10-15,0.01,0.01,0.01,0.010000000000004934,0.19999999999999502,0.01,0.01,0.16540068011577708,0.01,0.17616470860176775,0.010000000000005062,0.01,0.010000000000013621,0.07959044553713635,0.03884416574540762,0.010000000000003513,0.010000000000003574,0.01,0.2,0.01
2021-11-15,0.010000000000002413,0.010000000000010925,0.010000000000020305,0.010000000000004275,0.010000000000014803,0.010000000000002018,0.01000000000001008,0.01,0.01000000000000556,0.010000000000003615,0.010000000000001327,0.010000000000002045,0.01,0.19999999999997714,0.19999999999996945,0.04999999999999767,0.010000000000002332,0.010000000000000463,0.199999999999995,0.19999999999998241
2021-12-15,0.19999999999999965,0.01,0.14429765500557687,0.010000000000001891,0.01,0.2,0.01,0.05804154683634028,0.01,0.01,0.01000000000000058,0.01,0.2,0.0100000000000038,0.01,0.010000000000002717,0.01000000000000093,0.010000000000002524,0.05766079815809539,0.01
2022-01-14,0.019387002718732997,0.010000000000000151,0.010000000000001608,0.08314320741106077,0.01,0.19999999999999782,0.010000000000000559,0.01,0.010000000000002701,0.01,0.01,0.010000000000000736,0.19999999999999699,0.17038393768709165,0.0965624498170224,0.01,0.01,0.01,0.10052340236609512,0.010000000000003936
2022-02-15,0.05000000000012406,0.01,0.01,0.01,0.01,0.01,0.01,0.2,0.01,0.01,0.01,0.01,0.01,0.01000000000013953,0.2,0.01,0.01,0.2,0.2,0.01
2022-03-17,0.010000000000221717,0.0100000000005737,0.19999999999940257,0.09833199490633934,0.010000000000462583,0.01000000000021503,0.010000000000394983,0.010000000000012261,0.010000000000401254,0.010000000000066369,0.010000000000083756,0.010000000000282807,0.01000000000017185,0.01,0.030457469021263426,0.19999999999897555,0.1999999999992711,0.13121053607119867,0.010000000000457433,0.010000000000415961
2022-04-18,0.01,0.010000000000048678,0.2,0.01,0.010000000000066076,0.010000000000022685,0.010000000000163677,0.01,0.04999999999998844,0.01,0.01,0.010000000000002472,0.01,0.19999999999992357,0.1999999999999388,0.01,0.01,0.01,0.010000000000082545,0.19999999999998733
2022-05-17,0.13252891676322887,0.01,0.17010061962903583,0.01,0.01,0.01,0.01,0.2,0.01,0.2,0.01,0.01,0.01,0.04801769082027829,0.01,0.10935277281924079,0.01,0.01,0.01,0.01
2022-06-16,0.01,0.01,0.2,0.2,0.01,0.01,0.01,0.022475221070686516,0.01,0.01,0.01,0.01,0.01,0.2,0.2,0.01,0.037524778927529784,0.01,0.01,0.01
2022-07-19,0.01,0.2,0.01,0.01,0.01,0.01,0.01,0.01,0.01,0.07873596022331383,0.01,0.01,0.01,0.2,0.2,0.01,0.0705679668982805,0.01,0.01,0.11069607288272691
2022-08-17,0.01000000000174032,0.010000000004401016,0.01000000001027061,0.010000000000202564,0.010000000004088077,0.010000000002547105,0.010000000003151663,0.010000000000053253,0.010000000004507528,0.19999999993286924,0.010000000000448445,0.010000000002030975,0.010000000001627315,0.19999999998856596,0.010000000000028708,0.19999999995972345,0.049405315342437355,0.010000000000141755,0.010594684744055352,0.199999999993569
2022-09-16,0.01000000000164967,0.19999999999503656,0.19999999999553536,0.10062650154723055,0.010000000002460553,0.0100000000016918,0.010000000002106213,0.010000000000407929,0.010000000002408001,0.010000000000750684,0.14937349846367198,0.010000000001609376,0.010000000001712408,0.01000000000018904,0.010000000000667713,0.19999999997568974,0.010000000001630318,0.010000000000161161,0.010000000003019817,0.01000000000237123
2022-10-17,0.01,0.01,0.026206505470811034,0.010000000000001586,0.01,0.01,0.01,0.010000000000006391,0.01,0.2,0.0827518143367092,0.01,0.01,0.2,0.1060550310447916,0.010000000000005714,0.05498664914769387,0.01000000000000443,0.01,0.2
2022-11-15,0.07643682303207246,0.010000000000192483,0.11236055462456536,0.19999999999966397,0.010000000000121873,0.010000000000082467,0.010000000000155327,0.01,0.010000000000115049,0.07120262234334476,0.01,0.010000000000027246,0.010000000000119011,0.19999999999967938,0.01,0.01,0.010000000000022078,0.01,0.010000000000146813,0.1999999999998804
2022-12-15,0.01,0.2,0.01,0.010000000000013352,0.01,0.01,0.01,0.010000000000047155,0.01,0.010000000000022633,0.2,0.01,0.01,0.08897532556470766,0.2,0.010000000000060965,0.01,0.010000000000032346,0.01,0.16102467443551655
2023-01-18,0.19999999999997992,0.010000000000030951,0.19999999999998222,0.01,0.05000000000027342,0.010000000000008304,0.010000000000054689,0.01,0.0100000000000201,0.010000000000002575,0.01,0.010000000000004335,0.2,0.1999999999996555,0.010000000000008388,0.01,0.010000000000003725,0.01,0.010000000000024345,0.010000000000013831
2023-02-16,0.010000000000512092,0.010000000000778955,0.19999999999862594,0.010000000000233168,0.010000000000870889,0.010000000000576848,0.01000000000108321,0.1999999999975953,0.010000000000909195,0.19999999999776494,0.13494681806260508,0.010000000000706338,0.0100000000006289,0.01,0.010000000000072184,0.01000000000008986,0.010000000004939202,0.01,0.01000000000101511,0.11505318193113256
2023-03-20,0.2,0.010000000000000002,0.2,0.010000000000013956,0.010000000000014983,0.010000000000004089,0.010000000000003756,0.010000000000010265,0.010000000000000897,0.05000000000001015,0.010000000000000002,0.010000000000000002,0.2,0.010000000000000002,0.010000000000014664,0.010000000000000002,0.2,0.010000000000000002,0.010000000000004894,0.010000000000006531
2023-04-19,0.01,0.01,0.01,0.010000000000080068,0.01,0.01,0.01,0.05000000000044714,0.01,0.2,0.2,0.01,0.2,0.01,0.010000000000087389,0.01000000000015204,0.010000000000249459,0.01000000000016399,0.01,0.2
2023-05-18,0.01,0.2,0.01,0.01,0.01,0.01,0.01,0.01000000000000176,0.2,0.010000000000000824,0.2,0.01,0.01,0.010000000000002257,0.2,0.010000000000000538,0.01,0.010000000000001254,0.01,0.04999999999997585
2023-06-20,0.19999999999999962,0.01,0.010000000000002708,0.01,0.01,0.01,0.0100000000000018,0.010000000000000732,0.12406945302771313,0.01,0.010000000000000075,0.010000000000000646,0.1999999999999994,0.1259305469722839,0.01,0.010000000000001261,0.01000000000000028,0.010000000000000753,0.19999999999999982,0.010000000000000777
2023-07-20,0.050000000000115424,0.2,0.010000000000097396,0.010000000000001175,0.010000000000000002,0.010000000000068038,0.2,0.010000000000006531,0.2,0.010000000000038645,0.010000000000060232,0.010000000000000002,0.2,0.010000000000000002,0.010000000000000002,0.010000000000029083,0.010000000000000002,0.010000000000000002,0.010000000000000002,0.010000000000000002
2023-08-18,0.010000000000003853,0.19999999999999268,0.010000000000006252,0.01,0.010000000000007805,0.010000000000000966,0.1999999999999961,0.01,0.010000000000002618,0.01,0.04999999999999575,0.010000000000009177,0.010000000000001329,0.19999999999998402,0.010000000000004118,0.01,0.010000000000001421,0.01,0.010000000000009007,0.1999999999999951
2023-09-19,0.010000000000021436,0.0264511652664289,0.010000000000022827,0.01,0.010000000000021643,0.010000000000009623,0.08948236828544406,0.01,0.010000000000017367,0.01,0.14406646644811497,0.010000000000000418,0.1999999999999846,0.19999999999997264,0.01,0.01,0.19999999999997142,0.01,0.010000000000009161,0.010000000000007607
2023-10-18,0.01000000000000713,0.01,0.010000000000001345,0.01,0.01000000000000321,0.010000000000001837,0.2,0.010000000000000876,0.010000000000001294,0.01,0.1860708735028738,0.19999999999999585,0.1999999999999957,0.010000000000000628,0.023194230389926903,0.050734896107194484,0.010000000000000484,0.01,0.010000000000000226,0.010000000000000607
2023-11-16,0.025144646719363464,0.010000000000090312,0.010000000000108138,0.19999999999961804,0.01000000000009445,0.010000000000038757,0.010000000000023736,0.01,0.010000000000035368,0.01,0.01,0.010000000000018695,0.19999999999995954,0.01,0.01,0.16412920831068156,0.010000000000000028,0.01,0.07072614497021247,0.19999999999994203
2023-12-18,0.16500824009566023,0.01,0.01,0.010000000000033862,0.01,0.01,0.08499175990368858,0.010000000000039458,0.2,0.01,0.010000000000051164,0.01,0.2,0.010000000000100331,0.01,0.010000000000030375,0.010000000000034042,0.2,0.01,0.010000000000027471
2024-01-19,0.010000000000000002,0.19999999999998708,0.010000000000015032,0.010000000000005511,0.010000000000004602,0.1999999999999767,0.19999999999995421,0.010000000000007454,0.010000000000000002,0.010000000000006504,0.010000000000000002,0.010000000000004172,0.19999999999996398,0.010000000000001612,0.010000000000057664,0.010000000000007482,0.010000000000005928,0.010000000000009938,0.0499999999999911,0.01000000000001415
2024-02-20,0.01,0.2,0.01,0.01,0.01,0.01,0.01,0.01,0.01,0.2,0.03238475037935215,0.01,0.2,0.01,0.01,0.2,0.027615249617855688,0.01,0.01,0.01
2024-03-20,0.010000000000038985,0.010000000000051947,0.010000000000070522,0.19999999999985665,0.010000000000070588,0.010000000000018524,0.010000000000033179,0.03661774970078498,0.023382250299237916,0.01000000000001319,0.010000000000002821,0.010000000000011031,0.19999999999991433,0.01000000000000202,0.01000000000003666,0.01,0.010000000000009479,0.19999999999983983,0.1999999999999924,0.010000000000033796
2024-04-19,0.010000000000007175,0.19999999999998092,0.010000000000020067,0.01,0.19999999999999055,0.010000000000041835,0.010000000000008486,0.01,0.010000000000170107,0.01,0.01,0.010000000000015882,0.1999999999999858,0.01,0.010000000000022213,0.14505554130075993,0.010000000000002094,0.010000000000001041,0.10494445869906491,0.010000000000003737
2024-05-20,0.011240365821377569,0.010000000000014981,0.010000000000007893,0.04513823676715252,0.010000000000013092,0.010000000000010103,0.010000000000020319,0.12450981635459922,0.010000000000011222,0.010000000000006084,0.010000000000005952,0.010000000000006103,0.19999999999997684,0.010000000000003189,0.010000000000002103,0.19999999999996812,0.010000000000009565,0.19999999999997153,0.07871893557011228,0.020392645486731188
2024-06-20,0.010000000000006072,0.1999999999999595,0.050000001117574716,0.01,0.010000000000017327,0.0100000000000168,0.010000000000038783,0.01,0.010000000000013535,0.010000000000009002,0.01,0.1999999999999588,0.01,0.19999999999996043,0.010000000000001633,0.01,0.010000000000008107,0.19999999999996904,0.0100000000000594,0.010000000000030306
2024-07-22,0.010000000000076134,0.1999999999998505,0.010000000000109867,0.01,0.010000000000118315,0.010000000000051239,0.01000000000012307,0.01,0.1999999999998705,0.010000000000015465,0.010000000000030464,0.09229279239561472,0.13504766256381323,0.01,0.010000000000030672,0.032659545040482345,0.010000000000046251,0.19999999999960197,0.010000000000137751,0.010000000000063526
2024-08-20,0.010000000000001846,0.01000000000000115,0.010000000000006672,0.01,0.19999999999999768,0.010000000000003412,0.01000000000000511,0.010000000000002437,0.010000000000046099,0.028389423434354816,0.010000000000000108,0.010000000000003815,0.01,0.010000000000001003,0.1435181617568625,0.19999999999998336,0.01,0.03319157707087451,0.0998092854701099,0.16509155226775377
2024-09-19,0.049306014231330214,0.19999999999995166,0.010000000000058634,0.010693985768758057,0.010000000000054193,0.010000000000019833,0.01000000000013141,0.010000000000100614,0.010000000000358538,0.010000000000063467,0.0100000000000256,0.1999999999999378,0.010000000000003362,0.01000000000024463,0.010000000000126305,0.010000000000147726,0.1999999999999424,0.19999999999973153,0.010000000000070059,0.010000000000037087
2024-10-18,0.09306912212429329,0.19999999998635662,0.010000000006294807,0.01000000000272125,0.010000000006366224,0.010000000004426642,0.01000000000882635,0.010000000001879098,0.010000000005927266,0.010000000002417056,0.010000000002781437,0.1569308778606559,0.010000000003592883,0.010000000001076259,0.010000000002292444,0.010000000001478262,0.1999999999845516,0.19999999998096826,0.010000000007765474,0.010000000005321865
2024-11-18,0.19999999999992024,0.01000000000005541,0.010000000000019481,0.19999999999975748,0.03176399318979087,0.010000000000091517,0.010000000000410032,0.01,0.010000000000074892,0.19999999999970508,0.01,0.19999999999989188,0.010000000000111245,0.01,0.01,0.01,0.01,0.01,0.02823600630116967,0.010000000000104908
2024-12-18,0.2,0.01,0.01,0.06463023846650791,0.2,0.01,0.01,0.010000000000027268,0.01,0.01000000000001867,0.01,0.2,0.01,0.18536976153355103,0.01000000000002113,0.010000000000024574,0.01,0.010000000000028934,0.010000000000000002,0.01
2025-01-22,0.010000000004616283,0.07287478513357358,0.010000000006066346,0.010000000003660999,0.010000000010444508,0.1999999999857767,0.01000000000755504,0.19999999998219786,0.11337499537033996,0.010000000003165695,0.010000000004053747,0.07375021948266419,0.010000000004333652,0.01000000000070147,0.01000000000190433,0.19999999998271578,0.01000000000370772,0.010000000000967166,0.010000000007821657,0.010000000003733347
2025-02-21,0.010000000005486101,0.010000000005599419,0.010000000007668092,0.010000000004751087,0.01000000000659537,0.010000000005685553,0.010000000006332603,0.010000000002713257,0.010000000001383777,0.19999999997904094,0.19999999997983947,0.010000000005335082,0.010000000004817758,0.1999999999814334,0.010000000003201913,0.050000000002810026,0.19999999998110646,0.010000000002538182,0.010000000007904247,0.010000000005757287
2025-03-24,0.01000000000001224,0.13921813147375423,0.010000000000073016,0.010000000000016546,0.01000000000006363,0.010000000000023141,0.01000000000005678,0.01,0.11664413114753926,0.01,0.19413773737855233,0.01000000000001582,0.010000000000008622,0.1999999999999108,0.010000000000009926,0.01,0.0100000000000131,0.19999999999985468,0.010000000000082871,0.010000000000084601
2025-04-23,0.01,0.1721429977240991,0.01,0.010000000000252095,0.2,0.01,0.01,0.07785700227659494,0.01,0.01000000000042534,0.010000000000446775,0.01,0.01,0.2,0.010000000000204156,0.010000000000430404,0.010000000000404125,0.2,0.01,0.01
2025-05-22,0.2,0.01,0.01,0.11907591830638907,0.01,0.1309240817055002,0.01,0.010000000000883953,0.01,0.01,0.01000000000032569,0.01,0.01,0.01,0.01,0.2,0.01,0.010000000000193689,0.01,0.2
2025-06-24,0.15958004917259558,0.01,0.01,0.2,0.01,0.01,0.01,0.010000000000443371,0.13570352055995696,0.01,0.010000000000340303,0.01,0.01,0.15471643026865498,0.010000000000137763,0.010000000000175278,0.01,0.2,0.01,0.01
2025-07-24,0.010000000000019677,0.010000000000013103,0.010000000000126024,0.01,0.1999999999999853,0.01,0.010000000000169212,0.036408207113357995,0.010000000000101534,0.01,0.01,0.010000000000044366,0.10400716919949508,0.01,0.01,0.01,0.19999999999992937,0.01,0.2,0.11958462368701904
2025-08-22,0.010000000000265727,0.025847786699920567,0.01,0.01,0.010000000000034714,0.01,0.2,0.01,0.01,0.19999999999715448,0.01,0.01,0.2,0.12832045503786538,0.01,0.01,0.010000000001989728,0.10583175826488546,0.01000000000020039,0.01
2025-09-23,0.01,0.01,0.01,0.01000000000123046,0.2,0.17955403220545657,0.01,0.07044596780860193,0.01,0.01000000000075922,0.2,0.2,0.010000000000003888,0.01,0.010000000000486349,0.010000000000848904,0.01,0.010000000001179147,0.01,0.01
2025-10-22,0.01,0.01,0.01,0.2,0.01,0.01,0.1999999999999929,0.2,0.010000000000009453,0.010000000000005312,0.010000000000026979,0.01,0.01,0.2,0.01000000000001704,0.050000000000041026,0.01,0.010000000000027029,0.01,0.01
2025-11-20,0.19999999999977505,0.19999999999994206,0.01000000000026774,0.01,0.010000000000252475,0.010000000000089165,0.010000000000483664,0.010000000000082826,0.19999999999966633,0.01,0.01,0.010000000000408368,0.010000000000046022,0.05592462897913389,0.01,0.045069832684666696,0.01,0.15900553833556227,0.01000000000039483,0.010000000000109423
